"portfolio","product_id","number","name","printing","set","rarity","finish","condition","qty","paid_usd","market_usd","low_usd","high_usd","price_source","price_as_of","added"
"","587966","OP01-016","Nami","manga","PRB-01","R","Foil","NM","1","","2017.24","1950.0","5000.0","TCGplayer via TCGCSV","",""
"","672822","EB03-024","Nefeltari Vivi","sp","EB03","SR","Foil","NM","1","","463.53","399.99","899.99","TCGplayer via TCGCSV","",""
"","587710","OP03-122","Sogeking","manga","PRB-01","SEC","Foil","NM","1","362.33","584.41","680.0","1669.0","TCGplayer via TCGCSV","",""
"","558162","OP08-118","Silvers Rayleigh","parallel","OP08","SEC","Foil","NM","1","356.1","574.36","490.0","850.0","TCGplayer via TCGCSV","",""
"","685011","OP12-014","Boa Hancock","sp","OP15-EB04","SR","Foil","NM","1","347.76","560.9","454.46","900.0","TCGplayer via TCGCSV","",""
"","695324","OP14-084","Ms. All Sunday","sp","OP16","SR","Foil","NM","1","336.74","543.13","535.98","2000.0","TCGplayer via TCGCSV","",""
"","629180","OP07-019","Jewelry Bonney","sp","EB02","L","Foil","NM","1","332.01","535.5","1500.0","1500.0","TCGplayer via TCGCSV","",""
"","596913","OP05-067","Zoro-Juurou","sp","OP09","R","Foil","NM","1","326.56","526.71","499.71","860.0","TCGplayer via TCGCSV","",""
"","454512","OP01-001","Roronoa Zoro","base","OP01","L","Normal","NM","1","","2.32","1.59","34.99","TCGplayer via TCGCSV","",""
"","453505","OP01-002","Trafalgar Law","base","OP01","L","Normal","NM","1","","2.17","1.29","15.0","TCGplayer via TCGCSV","",""
"","454515","OP01-003","Monkey.D.Luffy","base","OP01","L","Normal","NM","1","5.47","6.84","5.23","75.0","TCGplayer via TCGCSV","",""
"","602793","OP01-005","Uta","base","OP-DD","R","Normal","NM","2","","0.35","0.23","0.5","TCGplayer via TCGCSV","",""
"","454518","OP01-006","Otama","base","OP01","UC","Normal","LP","1","","0.32","0.19","9.0","TCGplayer via TCGCSV","",""
"","454519","OP01-007","Caribou","base","OP01","C","Normal","NM","4","","0.11","0.01","3.0","TCGplayer via TCGCSV","",""
"","454520","OP01-008","Cavendish","base","OP01","C","Normal","NM","1","","0.11","0.02","3.0","TCGplayer via TCGCSV","",""
"","454525","OP01-010","Komachiyo","base","OP01","C","Normal","NM","2","","0.09","0.01","3.0","TCGplayer via TCGCSV","",""
"","454526","OP01-011","Gordon","base","OP01","UC","Normal","MP","1","","0.1","0.05","15.0","TCGplayer via TCGCSV","",""
"","454527","OP01-012","Sai","base","OP01","C","Normal","LP","1","","0.09","0.01","3.0","TCGplayer via TCGCSV","",""
"","602795","OP01-013","Sanji","base","OP-DD","R","Normal","NM","1","","0.51","0.15","10.0","TCGplayer via TCGCSV","",""
"","454532","OP01-014","Jinbe","base","OP01","UC","Normal","NM","4","","0.16","0.05","3.0","TCGplayer via TCGCSV","",""
"","656656","OP01-016","Nami","base","LT-01","R","Normal","NM","1","","0.5","0.34","4.0","TCGplayer via TCGCSV","",""
"","454538","OP01-017","Nico Robin","base","OP01","R","Foil","NM","1","","0.46","0.25","9.99","TCGplayer via TCGCSV","",""
"","454540","OP01-018","Hajrudin","base","OP01","C","Normal","LP","1","","0.09","0.01","3.0","TCGplayer via TCGCSV","",""
"","454542","OP01-019","Bartolomeo","base","OP01","C","Normal","NM","1","","0.13","0.04","3.0","TCGplayer via TCGCSV","",""
"","454543","OP01-020","Hyogoro","base","OP01","C","Normal","NM","2","","0.11","0.01","3.0","TCGplayer via TCGCSV","",""
"","454544","OP01-021","Franky","base","OP01","UC","Normal","NM","4","","0.19","0.01","3.0","TCGplayer via TCGCSV","",""
"","454546","OP01-023","Marco","base","OP01","C","Normal","NM","1","","0.11","0.01","3.0","TCGplayer via TCGCSV","",""
"","453508","OP01-024","Monkey.D.Luffy","base","OP01","SR","Foil","LP","1","1.74","2.18","1.5","60.0","TCGplayer via TCGCSV","",""
"","527620","OP01-025","Roronoa Zoro","base","OP-PR","SR","Foil","NM","2","","1.28","1.0","50.0","TCGplayer via TCGCSV","",""
"","454547","OP01-026","Gum-Gum Fire-Fist Pistol Red Hawk","base","OP01","R","Foil","NM","1","","0.73","0.43","10.0","TCGplayer via TCGCSV","",""
"","454548","OP01-027","Round Table","base","OP01","C","Normal","NM","1","","0.59","0.28","24.0","TCGplayer via TCGCSV","",""
"","454550","OP01-029","Radical Beam!!","base","OP01","UC","Normal","NM","1","","0.24","0.15","7.0","TCGplayer via TCGCSV","",""
"","453512","OP01-030","In Two Years!! At the Sabaody Archipelago!!","base","OP01","UC","Normal","LP","2","","0.78","0.25","5.0","TCGplayer via TCGCSV","",""
"","454551","OP01-031","Kouzuki Oden","base","OP01","L","Normal","NM","1","","0.26","0.15","4.99","TCGplayer via TCGCSV","",""
"","454553","OP01-032","Ashura Doji","base","OP01","UC","Normal","NM","1","","0.13","0.03","3.0","TCGplayer via TCGCSV","",""
"","454555","OP01-034","Inuarashi","base","OP01","C","Normal","NM","1","","0.1","0.02","3.0","TCGplayer via TCGCSV","",""
"","454556","OP01-035","Okiku","base","OP01","R","Foil","NM","4","","0.24","0.1","5.0","TCGplayer via TCGCSV","",""
"","454558","OP01-036","Otsuru","base","OP01","C","Normal","LP","1","","0.08","0.01","3.0","TCGplayer via TCGCSV","",""
"","557289","ST01-006","Tony Tony.Chopper","base","OP-PR","C","Foil","NM","4","","604.2","604.2","1199.99","TCGplayer via TCGCSV","",""
"","501750","ST01-006","Tony Tony.Chopper","base","OP-PR","C","Normal","NM","4","","281.4","224.99","900.0","TCGplayer via TCGCSV","",""
"","535277","OP02-098","Koby","base","OP-PR","C","Foil","NM","4","","599.9","599.89","9000.0","TCGplayer via TCGCSV","",""
"","588171","OP02-034","Tony Tony.Chopper","base","OP-PR","UC","Foil","NM","4","","70.1","75.0","119.99","TCGplayer via TCGCSV","",""
"","530892","OP05-010","Nico Robin","base","OP05 ANN","UC","Normal","NM","4","","272.85","399.97","399.97","TCGplayer via TCGCSV","",""
"","530927","OP05-062","O-Nami","base","OP05 ANN","UC","Normal","NM","4","","227.77","700.0","2500.0","TCGplayer via TCGCSV","",""
"","668421","OP06-063","Vinsmoke Sora","base","OP-PR","UC","Foil","NM","4","","425.0","3000.0","3000.0","TCGplayer via TCGCSV","",""
"","586015","OP06-110","Nekomamushi","base","OP-PR","UC","Foil","NM","4","","68.33","149.01","150.0","TCGplayer via TCGCSV","",""
"Trade pile","498064","OP03-022","Arlong","alternate_art","OP03","L","Foil","NM","1","","39.97","32.0","149.99","TCGplayer via TCGCSV","",""
"Trade pile","485266","ST01-008","Nico Robin","alternate_art","OP-PR","PR","Foil","NM","1","","39.54","37.5","500.0","TCGplayer via TCGCSV","",""
"Trade pile","632484","OP11-106","Zeus","alternate_art","OP11","R","Foil","NM","1","","39.41","38.0","100.0","TCGplayer via TCGCSV","",""
"Trade pile","596920","OP09-001","Shanks","parallel","OP09","L","Foil","NM","1","","39.39","35.0","200.0","TCGplayer via TCGCSV","",""
"Trade pile","707118","OP17-058","Kaido","alternate_art","OP17","L","Foil","NM","1","","39.27","35.0","149.9","TCGplayer via TCGCSV","",""
